{
  "selection_benchmark": {
    "k=5": {
      "DPP": {
        "spread_mean": 0.6556949905567202,
        "spread_std": 0.22618377037744555,
        "sum_dist_mean": 10.447816661133038,
        "sum_dist_std": 0.9889743770196702,
        "coverage_mean": 0.4708333333333334,
        "coverage_std": 0.17382981779762516,
        "runtime_mean": 0.009050750732421875,
        "n_successful": 30
      },
      "MMR": {
        "spread_mean": 1.0657622517503247,
        "spread_std": 0.0,
        "sum_dist_mean": 11.219979620008809,
        "sum_dist_std": 1.7763568394002505e-15,
        "coverage_mean": 0.5399999999999998,
        "coverage_std": 2.220446049250313e-16,
        "runtime_mean": 0.005933125813802083,
        "n_successful": 30
      },
      "Submodular-Greedy": {
        "spread_mean": 1.1284396552664755,
        "spread_std": 2.220446049250313e-16,
        "sum_dist_mean": 12.513490157519646,
        "sum_dist_std": 1.7763568394002505e-15,
        "coverage_mean": 0.04000000000000001,
        "coverage_std": 6.938893903907228e-18,
        "runtime_mean": 0.24929826259613036,
        "n_successful": 30
      },
      "FarthestPoint": {
        "spread_mean": 1.1557574399873063,
        "spread_std": 0.014950744737229306,
        "sum_dist_mean": 12.367788771314453,
        "sum_dist_std": 0.15441184296115304,
        "coverage_mean": 0.31500000000000006,
        "coverage_std": 0.23189437250610462,
        "runtime_mean": 0.005838163693745931,
        "n_successful": 30
      },
      "Random": {
        "spread_mean": 0.42513845642843257,
        "spread_std": 0.19034003825359394,
        "sum_dist_mean": 9.021926951220944,
        "sum_dist_std": 1.291201129243681,
        "coverage_mean": 0.5383333333333333,
        "coverage_std": 0.043076159944400276,
        "runtime_mean": 0.00018364588419596354,
        "n_successful": 30
      }
    },
    "k=10": {
      "DPP": {
        "spread_mean": 0.4420746186476352,
        "spread_std": 0.12234179998741752,
        "sum_dist_mean": 46.765899535666236,
        "sum_dist_std": 2.2886860155972237,
        "coverage_mean": 0.5980000000000001,
        "coverage_std": 0.029653555155045634,
        "runtime_mean": 0.009116427103678385,
        "n_successful": 30
      },
      "MMR": {
        "spread_mean": 0.7125161895713958,
        "spread_std": 0.0,
        "sum_dist_mean": 47.523595148502025,
        "sum_dist_std": 1.4210854715202004e-14,
        "coverage_mean": 0.5749999999999998,
        "coverage_std": 1.1102230246251565e-16,
        "runtime_mean": 0.005648382504781087,
        "n_successful": 30
      },
      "Submodular-Greedy": {
        "spread_mean": 0.9024163972813956,
        "spread_std": 1.1102230246251565e-16,
        "sum_dist_mean": 54.81943657051531,
        "sum_dist_std": 1.4210854715202004e-14,
        "coverage_mean": 0.06499999999999999,
        "coverage_std": 1.3877787807814457e-17,
        "runtime_mean": 0.24347856839497883,
        "n_successful": 30
      },
      "FarthestPoint": {
        "spread_mean": 1.051109731654658,
        "spread_std": 0.023800799249936815,
        "sum_dist_mean": 53.68022305189633,
        "sum_dist_std": 0.4105246557779004,
        "coverage_mean": 0.34600000000000003,
        "coverage_std": 0.23084771315017757,
        "runtime_mean": 0.00869921843210856,
        "n_successful": 30
      },
      "Random": {
        "spread_mean": 0.205462309377596,
        "spread_std": 0.1599480144571237,
        "sum_dist_mean": 39.457155875226796,
        "sum_dist_std": 4.408059089580495,
        "coverage_mean": 0.5798333333333333,
        "coverage_std": 0.03218393318964534,
        "runtime_mean": 0.00017099380493164064,
        "n_successful": 30
      }
    },
    "k=20": {
      "DPP": {
        "spread_mean": 0.36135723821837484,
        "spread_std": 0.06287067596650742,
        "sum_dist_mean": 196.41342863432808,
        "sum_dist_std": 6.331863081712435,
        "coverage_mean": 0.6923333333333332,
        "coverage_std": 0.023192431715731918,
        "runtime_mean": 0.012685290972391764,
        "n_successful": 30
      },
      "MMR": {
        "spread_mean": 0.4986027288284712,
        "spread_std": 5.551115123125783e-17,
        "sum_dist_mean": 191.11495168871082,
        "sum_dist_std": 0.0,
        "coverage_mean": 0.6350000000000002,
        "coverage_std": 2.220446049250313e-16,
        "runtime_mean": 0.006816720962524414,
        "n_successful": 30
      },
      "Submodular-Greedy": {
        "spread_mean": 0.4550489044325407,
        "spread_std": 1.1102230246251565e-16,
        "sum_dist_mean": 223.40454668127666,
        "sum_dist_std": 5.684341886080802e-14,
        "coverage_mean": 0.13499999999999995,
        "coverage_std": 5.551115123125783e-17,
        "runtime_mean": 0.260392951965332,
        "n_successful": 30
      },
      "FarthestPoint": {
        "spread_mean": 0.8968358511508818,
        "spread_std": 0.009821723454722707,
        "sum_dist_mean": 221.0375288734579,
        "sum_dist_std": 0.6904893165639037,
        "coverage_mean": 0.4186666666666667,
        "coverage_std": 0.23463778231326873,
        "runtime_mean": 0.021972123781840006,
        "n_successful": 30
      },
      "Random": {
        "spread_mean": 0.05218323006221377,
        "spread_std": 0.10516153158581443,
        "sum_dist_mean": 163.3628824408529,
        "sum_dist_std": 14.32015982647886,
        "coverage_mean": 0.6345,
        "coverage_std": 0.03186821823279949,
        "runtime_mean": 0.0003229538599650065,
        "n_successful": 30
      }
    }
  },
  "metric_taxonomy": {
    "gpt2_metrics": [
      "distinct_2",
      "self_bleu",
      "entropy",
      "epd",
      "vendi",
      "jaccard",
      "ptd",
      "crd",
      "usr",
      "ttr",
      "sed"
    ],